latitude,longitude,slope_c_per_year,slope_c_per_decade,p_value,sen_slope,trend_direction,is_significant
26.5,88.125,0.003185,0.0318,0.777933,0.000556,Increasing,False
26.5,88.75,-0.003915,-0.0392,0.710533,-0.006111,Decreasing,False
26.5,89.375,0.004146,0.0415,0.681948,0.002111,Increasing,False
26.5,90.0,0.021131,0.2113,0.04367,0.019583,Increasing,True
26.5,90.625,0.0335,0.335,0.002103,0.028397,Increasing,True
26.5,91.25,0.049738,0.4974,7.3e-05,0.041786,Increasing,True
26.5,91.875,0.0439,0.439,0.000216,0.041071,Increasing,True
26.5,92.5,0.0425,0.425,0.000595,0.042133,Increasing,True
26.0,88.125,0.001123,0.0112,0.921922,-0.000596,Increasing,False
26.0,88.75,-0.004877,-0.0488,0.637589,-0.005913,Decreasing,False
26.0,89.375,0.007954,0.0795,0.432288,0.005625,Increasing,False
26.0,90.0,0.022762,0.2276,0.022573,0.02,Increasing,True
26.0,90.625,0.030654,0.3065,0.00185,0.026307,Increasing,True
26.0,91.25,0.031669,0.3167,0.001642,0.027395,Increasing,True
26.0,91.875,0.031123,0.3112,0.002485,0.02798,Increasing,True
26.0,92.5,0.041031,0.4103,0.000207,0.041385,Increasing,True
25.5,88.125,0.002515,0.0252,0.826088,0.000833,Increasing,False
25.5,88.75,-0.005369,-0.0537,0.605486,-0.005,Decreasing,False
25.5,89.375,0.003292,0.0329,0.732634,0.004132,Increasing,False
25.5,90.0,0.012615,0.1262,0.148094,0.011548,Increasing,False
25.5,90.625,0.013669,0.1367,0.068959,0.01355,Increasing,False
25.5,91.25,0.012269,0.1227,0.061763,0.013287,Increasing,False
25.5,91.875,0.015715,0.1572,0.021961,0.015,Increasing,True
25.5,92.5,0.0236,0.236,0.002876,0.023333,Increasing,True
25.0,88.125,0.006654,0.0665,0.549535,0.003944,Increasing,False
25.0,88.75,-0.002762,-0.0276,0.790207,-0.001,Decreasing,False
25.0,89.375,0.000585,0.0058,0.950577,0.001678,Increasing,False
25.0,90.0,0.0044,0.044,0.615228,0.004722,Increasing,False
25.0,90.625,0.005931,0.0593,0.441228,0.006458,Increasing,False
25.0,91.25,0.006362,0.0636,0.355628,0.006077,Increasing,False
25.0,91.875,0.008731,0.0873,0.180338,0.008118,Increasing,False
25.0,92.5,0.013377,0.1338,0.064027,0.015,Increasing,False
24.5,88.125,0.008862,0.0886,0.400933,0.00975,Increasing,False
24.5,88.75,-0.004508,-0.0451,0.658812,0.0,Decreasing,False
24.5,89.375,-0.003938,-0.0394,0.676069,-0.00127,Decreasing,False
24.5,90.0,0.001323,0.0132,0.883887,0.004279,Increasing,False
24.5,90.625,0.004462,0.0446,0.585994,0.006548,Increasing,False
24.5,91.25,0.006731,0.0673,0.37887,0.00801,Increasing,False
24.5,91.875,0.013977,0.1398,0.056284,0.013923,Increasing,False
24.5,92.5,0.015031,0.1503,0.038386,0.015813,Increasing,True
24.0,88.125,0.009369,0.0937,0.371384,0.007876,Increasing,False
24.0,88.75,-0.005431,-0.0543,0.585639,-0.003373,Decreasing,False
24.0,89.375,-0.009108,-0.0911,0.326142,-0.00641,Decreasing,False
24.0,90.0,-0.002377,-0.0238,0.786081,0.000693,Decreasing,False
24.0,90.625,0.002592,0.0259,0.7559,0.003417,Increasing,False
24.0,91.25,0.006869,0.0687,0.383905,0.008233,Increasing,False
24.0,91.875,0.011346,0.1135,0.136608,0.011099,Increasing,False
24.0,92.5,0.002692,0.0269,0.7176,0.003333,Increasing,False
23.5,88.125,0.008823,0.0882,0.41496,0.007752,Increasing,False
23.5,88.75,-0.004015,-0.0402,0.681641,-0.002816,Decreasing,False
23.5,89.375,-0.012146,-0.1215,0.186739,-0.012,Decreasing,False
23.5,90.0,-0.006177,-0.0618,0.463945,-0.004495,Decreasing,False
23.5,90.625,0.001846,0.0185,0.81718,0.004643,Increasing,False
23.5,91.25,0.006123,0.0612,0.426962,0.007929,Increasing,False
23.5,91.875,0.008715,0.0872,0.23201,0.010357,Increasing,False
23.5,92.5,-0.014377,-0.1438,0.086587,-0.013329,Decreasing,False
23.0,88.125,0.010108,0.1011,0.336369,0.01,Increasing,False
23.0,88.75,0.001731,0.0173,0.851271,0.003958,Increasing,False
23.0,89.375,-0.009469,-0.0947,0.293124,-0.006569,Decreasing,False
23.0,90.0,-0.006492,-0.0649,0.450038,-0.004367,Decreasing,False
23.0,90.625,0.003154,0.0315,0.676042,0.004626,Increasing,False
23.0,91.25,0.006915,0.0692,0.332599,0.008209,Increasing,False
23.0,91.875,0.009723,0.0972,0.158576,0.011742,Increasing,False
23.0,92.5,-0.007746,-0.0775,0.394284,-0.007494,Decreasing,False
22.5,88.125,0.011869,0.1187,0.21448,0.013452,Increasing,False
22.5,88.75,0.007754,0.0775,0.369631,0.009231,Increasing,False
22.5,89.375,-0.000762,-0.0076,0.927185,-0.000625,Decreasing,False
22.5,90.0,-0.002231,-0.0223,0.784712,-0.002132,Decreasing,False
22.5,90.625,0.003023,0.0302,0.667079,0.003167,Increasing,False
22.5,91.25,0.019354,0.1935,0.001946,0.018889,Increasing,True
22.5,91.875,0.006369,0.0637,0.345149,0.007033,Increasing,False
22.5,92.5,-0.014592,-0.1459,0.152912,-0.011326,Decreasing,False
22.0,88.125,0.009723,0.0972,0.214818,0.00781,Increasing,False
22.0,88.75,0.010862,0.1086,0.161978,0.010667,Increasing,False
22.0,89.375,0.006562,0.0656,0.37158,0.007351,Increasing,False
22.0,90.0,0.004831,0.0483,0.490315,0.002929,Increasing,False
22.0,90.625,0.003254,0.0325,0.590991,0.002583,Increasing,False
22.0,91.25,0.013508,0.1351,0.02561,0.014643,Increasing,True
22.0,91.875,0.000738,0.0074,0.902901,0.000931,Increasing,False
22.0,92.5,-0.016685,-0.1668,0.094641,-0.011422,Decreasing,False
21.5,88.125,0.007769,0.0777,0.215169,0.004556,Increasing,False
21.5,88.75,0.0116,0.116,0.064418,0.01,Increasing,False
21.5,89.375,0.013231,0.1323,0.025036,0.013318,Increasing,True
21.5,90.0,0.014423,0.1442,0.011877,0.014556,Increasing,True
21.5,90.625,0.014946,0.1495,0.010072,0.015,Increasing,True
21.5,91.25,0.017085,0.1708,0.004452,0.018118,Increasing,True
21.5,91.875,0.016823,0.1682,0.003879,0.017614,Increasing,True
21.5,92.5,-0.009408,-0.0941,0.295585,-0.005278,Decreasing,False
21.0,88.125,0.012923,0.1292,0.018416,0.011292,Increasing,True
21.0,88.75,0.014562,0.1456,0.009219,0.013167,Increasing,True
21.0,89.375,0.015992,0.1599,0.004624,0.015727,Increasing,True
21.0,90.0,0.015985,0.1598,0.005115,0.017143,Increasing,True
21.0,90.625,0.016331,0.1633,0.004769,0.01641,Increasing,True
21.0,91.25,0.017223,0.1722,0.003376,0.017389,Increasing,True
21.0,91.875,0.019108,0.1911,0.001244,0.02,Increasing,True
21.0,92.5,-0.015177,-0.1518,0.074078,-0.011841,Decreasing,False
20.5,88.125,0.014792,0.1479,0.006058,0.014891,Increasing,True
20.5,88.75,0.016277,0.1628,0.003044,0.01622,Increasing,True
20.5,89.375,0.017338,0.1734,0.002056,0.017771,Increasing,True
20.5,90.0,0.017931,0.1793,0.00193,0.019188,Increasing,True
20.5,90.625,0.0185,0.185,0.001863,0.018697,Increasing,True
20.5,91.25,0.019069,0.1907,0.001528,0.019405,Increasing,True
20.5,91.875,0.021454,0.2145,0.000283,0.022429,Increasing,True
20.5,92.5,0.002762,0.0276,0.647258,0.003765,Increasing,False
