latitude,longitude,slope_c_per_year,slope_c_per_decade,p_value,sen_slope,trend_direction,is_significant,inside_bangladesh
26.0,88.75,-0.004877,-0.0488,0.637589,-0.005913,Decreasing,False,True
25.5,89.375,0.003292,0.0329,0.732634,0.004132,Increasing,False,True
25.0,88.75,-0.002762,-0.0276,0.790207,-0.001,Decreasing,False,True
25.0,89.375,0.000585,0.0058,0.950577,0.001678,Increasing,False,True
25.0,90.0,0.0044,0.044,0.615228,0.004722,Increasing,False,True
25.0,90.625,0.005931,0.0593,0.441228,0.006458,Increasing,False,True
25.0,91.25,0.006362,0.0636,0.355628,0.006077,Increasing,False,True
25.0,91.875,0.008731,0.0873,0.180338,0.008118,Increasing,False,True
24.5,88.75,-0.004508,-0.0451,0.658812,0.0,Decreasing,False,True
24.5,89.375,-0.003938,-0.0394,0.676069,-0.00127,Decreasing,False,True
24.5,90.0,0.001323,0.0132,0.883887,0.004279,Increasing,False,True
24.5,90.625,0.004462,0.0446,0.585994,0.006548,Increasing,False,True
24.5,91.25,0.006731,0.0673,0.37887,0.00801,Increasing,False,True
24.5,91.875,0.013977,0.1398,0.056284,0.013923,Increasing,False,True
24.0,88.75,-0.005431,-0.0543,0.585639,-0.003373,Decreasing,False,True
24.0,89.375,-0.009108,-0.0911,0.326142,-0.00641,Decreasing,False,True
24.0,90.0,-0.002377,-0.0238,0.786081,0.000693,Decreasing,False,True
24.0,90.625,0.002592,0.0259,0.7559,0.003417,Increasing,False,True
24.0,91.25,0.006869,0.0687,0.383905,0.008233,Increasing,False,True
23.5,89.375,-0.012146,-0.1215,0.186739,-0.012,Decreasing,False,True
23.5,90.0,-0.006177,-0.0618,0.463945,-0.004495,Decreasing,False,True
23.5,90.625,0.001846,0.0185,0.81718,0.004643,Increasing,False,True
23.0,89.375,-0.009469,-0.0947,0.293124,-0.006569,Decreasing,False,True
23.0,90.0,-0.006492,-0.0649,0.450038,-0.004367,Decreasing,False,True
23.0,91.25,0.006915,0.0692,0.332599,0.008209,Increasing,False,True
23.0,91.875,0.009723,0.0972,0.158576,0.011742,Increasing,False,True
22.5,89.375,-0.000762,-0.0076,0.927185,-0.000625,Decreasing,False,True
22.5,90.0,-0.002231,-0.0223,0.784712,-0.002132,Decreasing,False,True
22.5,91.875,0.006369,0.0637,0.345149,0.007033,Increasing,False,True
22.5,92.5,-0.014592,-0.1459,0.152912,-0.011326,Decreasing,False,True
22.0,89.375,0.006562,0.0656,0.37158,0.007351,Increasing,False,True
22.0,90.625,0.003254,0.0325,0.590991,0.002583,Increasing,False,True
22.0,92.5,-0.016685,-0.1668,0.094641,-0.011422,Decreasing,False,True
21.5,92.5,-0.009408,-0.0941,0.295585,-0.005278,Decreasing,False,True
