latitude,longitude,month,month_num,slope_c_per_decade,slope_c_per_year,p_value,sen_slope,sen_slope_c_per_decade,r_squared,trend_direction,is_significant
21.5,92.5,January,1,-0.4838,-0.048377,0.091566,-0.062679,-0.6268,0.1188,Decreasing,False
21.5,92.5,February,2,-0.6664,-0.066638,0.054078,-0.064773,-0.6477,0.1519,Decreasing,False
21.5,92.5,March,3,-0.2605,-0.026054,0.312405,-0.027643,-0.2764,0.0443,Decreasing,False
21.5,92.5,April,4,-0.1529,-0.015292,0.551379,-0.023667,-0.2367,0.0156,Decreasing,False
21.5,92.5,May,5,-0.2056,-0.020562,0.361423,-0.0205,-0.205,0.0363,Decreasing,False
21.5,92.5,June,6,-0.1595,-0.015954,0.245093,-0.0175,-0.175,0.0583,Decreasing,False
21.5,92.5,July,7,0.077,0.0077,0.481905,0.014444,0.1444,0.0217,Increasing,False
21.5,92.5,August,8,0.0028,0.000277,0.966285,0.005278,0.0528,0.0001,Increasing,False
21.5,92.5,September,9,0.2017,0.020169,0.01075,0.01941,0.1941,0.2509,Increasing,True
21.5,92.5,October,10,0.1728,0.017285,0.228633,0.019237,0.1924,0.0624,Increasing,False
21.5,92.5,November,11,0.2291,0.022908,0.204717,0.03202,0.3202,0.069,Increasing,False
21.5,92.5,December,12,0.0858,0.008585,0.735184,0.007929,0.0793,0.0051,Increasing,False
22.0,89.375,January,1,-0.0512,-0.005123,0.827517,0.003108,0.0311,0.0021,Decreasing,False
22.0,89.375,February,2,-0.3218,-0.032177,0.343345,-0.0445,-0.445,0.0391,Decreasing,False
22.0,89.375,March,3,-0.2235,-0.022346,0.383556,-0.025783,-0.2578,0.0332,Decreasing,False
22.0,89.375,April,4,0.2501,0.025008,0.32764,0.020238,0.2024,0.0417,Increasing,False
22.0,89.375,May,5,-0.15,-0.015,0.308282,-0.016786,-0.1679,0.0451,Decreasing,False
22.0,89.375,June,6,0.0935,0.009354,0.549754,0.009063,0.0906,0.0158,Increasing,False
22.0,89.375,July,7,0.2724,0.027238,0.000877,0.026833,0.2683,0.3882,Increasing,True
22.0,89.375,August,8,0.2166,0.021662,0.0018,0.026833,0.2683,0.3512,Increasing,True
22.0,89.375,September,9,0.3515,0.035146,1e-06,0.034688,0.3469,0.6449,Increasing,True
22.0,89.375,October,10,0.4036,0.040362,0.004079,0.039762,0.3976,0.3067,Increasing,True
22.0,89.375,November,11,0.0462,0.004615,0.825894,0.006071,0.0607,0.0021,Increasing,False
22.0,89.375,December,12,-0.1102,-0.011015,0.615984,-0.00974,-0.0974,0.0111,Decreasing,False
22.0,90.625,January,1,-0.2485,-0.024854,0.207938,-0.020935,-0.2093,0.068,Decreasing,False
22.0,90.625,February,2,-0.4355,-0.043554,0.129013,-0.043542,-0.4354,0.0973,Decreasing,False
22.0,90.625,March,3,-0.3198,-0.031985,0.148056,-0.036696,-0.367,0.0888,Decreasing,False
22.0,90.625,April,4,0.0098,0.000977,0.961504,-0.002972,-0.0297,0.0001,Increasing,False
22.0,90.625,May,5,-0.0588,-0.005885,0.626507,-0.013077,-0.1308,0.0105,Decreasing,False
22.0,90.625,June,6,0.1428,0.014277,0.197639,0.012667,0.1267,0.0711,Increasing,False
22.0,90.625,July,7,0.3562,0.035615,5.9e-05,0.033333,0.3333,0.5115,Increasing,True
22.0,90.625,August,8,0.3607,0.036069,0.000117,0.039737,0.3974,0.4823,Increasing,True
22.0,90.625,September,9,0.4148,0.041477,0.0,0.042967,0.4297,0.745,Increasing,True
22.0,90.625,October,10,0.3407,0.034069,0.007439,0.032971,0.3297,0.2725,Increasing,True
22.0,90.625,November,11,0.0671,0.006708,0.665273,0.013364,0.1336,0.0083,Increasing,False
22.0,90.625,December,12,-0.2715,-0.027146,0.15826,-0.030357,-0.3036,0.0846,Decreasing,False
22.0,92.5,January,1,-0.5514,-0.055138,0.04777,-0.05739,-0.5739,0.1597,Decreasing,True
22.0,92.5,February,2,-0.727,-0.0727,0.04489,-0.07,-0.7,0.1636,Decreasing,True
22.0,92.5,March,3,-0.3648,-0.036477,0.146102,-0.034606,-0.3461,0.0896,Decreasing,False
22.0,92.5,April,4,-0.3027,-0.030269,0.26686,-0.035798,-0.358,0.0533,Decreasing,False
22.0,92.5,May,5,-0.3192,-0.031923,0.197537,-0.034167,-0.3417,0.0711,Decreasing,False
22.0,92.5,June,6,-0.2347,-0.023469,0.148243,-0.02,-0.2,0.0887,Decreasing,False
22.0,92.5,July,7,0.0565,0.005646,0.642019,0.014059,0.1406,0.0096,Increasing,False
22.0,92.5,August,8,-0.0313,-0.003131,0.668444,0.001325,0.0132,0.0081,Decreasing,False
22.0,92.5,September,9,0.2362,0.023623,0.006001,0.026333,0.2633,0.2849,Increasing,True
22.0,92.5,October,10,0.2043,0.020431,0.176954,0.024351,0.2435,0.0778,Increasing,False
22.0,92.5,November,11,0.1521,0.015208,0.368196,0.019444,0.1944,0.0353,Increasing,False
22.0,92.5,December,12,-0.1535,-0.015354,0.549315,-0.019343,-0.1934,0.0158,Decreasing,False
22.5,89.375,January,1,-0.0452,-0.004523,0.871739,-0.00406,-0.0406,0.0012,Decreasing,False
22.5,89.375,February,2,-0.3537,-0.035369,0.383129,-0.020625,-0.2062,0.0332,Decreasing,False
22.5,89.375,March,3,-0.3122,-0.031215,0.343557,-0.039444,-0.3944,0.0391,Decreasing,False
22.5,89.375,April,4,0.1044,0.010438,0.774123,-0.003632,-0.0363,0.0037,Increasing,False
22.5,89.375,May,5,-0.4939,-0.049392,0.039496,-0.058091,-0.5809,0.1716,Decreasing,True
22.5,89.375,June,6,-0.0075,-0.000746,0.971568,-0.0015,-0.015,0.0001,Decreasing,False
22.5,89.375,July,7,0.2175,0.021754,0.012006,0.020958,0.2096,0.2444,Increasing,True
22.5,89.375,August,8,0.1114,0.011138,0.114657,0.015132,0.1513,0.1047,Increasing,False
22.5,89.375,September,9,0.3195,0.031946,2.7e-05,0.033485,0.3348,0.5427,Increasing,True
22.5,89.375,October,10,0.4264,0.042638,0.013702,0.040333,0.4033,0.2365,Increasing,True
22.5,89.375,November,11,0.0545,0.005454,0.826556,0.010801,0.108,0.0021,Increasing,False
22.5,89.375,December,12,-0.1015,-0.010146,0.69779,-0.014018,-0.1402,0.0067,Decreasing,False
22.5,90.0,January,1,-0.0499,-0.004992,0.857994,-0.006043,-0.0604,0.0014,Decreasing,False
22.5,90.0,February,2,-0.4382,-0.043823,0.260794,-0.032917,-0.3292,0.0546,Decreasing,False
22.5,90.0,March,3,-0.4126,-0.041262,0.197796,-0.037747,-0.3775,0.071,Decreasing,False
22.5,90.0,April,4,-0.0418,-0.004177,0.904545,-0.005446,-0.0545,0.0006,Decreasing,False
22.5,90.0,May,5,-0.503,-0.0503,0.03505,-0.056111,-0.5611,0.1791,Decreasing,True
22.5,90.0,June,6,-0.0598,-0.005985,0.745836,-0.003,-0.03,0.0047,Decreasing,False
22.5,90.0,July,7,0.2069,0.020692,0.00563,0.018618,0.1862,0.2885,Increasing,True
22.5,90.0,August,8,0.1405,0.014046,0.053592,0.018333,0.1833,0.1525,Increasing,False
22.5,90.0,September,9,0.3537,0.035369,1e-05,0.04,0.4,0.5801,Increasing,True
22.5,90.0,October,10,0.4574,0.045738,0.00701,0.043542,0.4354,0.2759,Increasing,True
22.5,90.0,November,11,0.1382,0.013823,0.53238,0.015182,0.1518,0.0172,Increasing,False
22.5,90.0,December,12,-0.0611,-0.006108,0.807046,-0.012248,-0.1225,0.0026,Decreasing,False
22.5,91.875,January,1,0.0248,0.002485,0.905476,0.005988,0.0599,0.0006,Increasing,False
22.5,91.875,February,2,-0.485,-0.0485,0.117001,-0.042917,-0.4292,0.1034,Decreasing,False
22.5,91.875,March,3,-0.3412,-0.034115,0.135967,-0.033816,-0.3382,0.094,Decreasing,False
22.5,91.875,April,4,-0.1884,-0.018838,0.409372,-0.019639,-0.1964,0.0298,Decreasing,False
22.5,91.875,May,5,-0.1836,-0.018362,0.350447,-0.020625,-0.2063,0.038,Decreasing,False
22.5,91.875,June,6,-0.0458,-0.004585,0.741442,0.0,0.0,0.0048,Decreasing,False
22.5,91.875,July,7,0.2592,0.025923,0.002549,0.026,0.26,0.3325,Increasing,True
22.5,91.875,August,8,0.1358,0.013577,0.096929,0.015714,0.1571,0.1152,Increasing,False
22.5,91.875,September,9,0.3868,0.038677,1e-06,0.041144,0.4114,0.6468,Increasing,True
22.5,91.875,October,10,0.4464,0.044638,0.002448,0.045798,0.458,0.3347,Increasing,True
22.5,91.875,November,11,0.4645,0.046446,0.012531,0.046611,0.4661,0.2418,Increasing,True
22.5,91.875,December,12,0.2568,0.025685,0.197928,0.02,0.2,0.071,Increasing,False
22.5,92.5,January,1,-0.3075,-0.030754,0.2271,-0.024495,-0.245,0.0628,Decreasing,False
22.5,92.5,February,2,-0.5439,-0.054392,0.108054,-0.04267,-0.4267,0.1084,Decreasing,False
22.5,92.5,March,3,-0.2855,-0.028546,0.223608,-0.025635,-0.2563,0.0637,Decreasing,False
22.5,92.5,April,4,-0.276,-0.0276,0.306783,-0.035201,-0.352,0.0453,Decreasing,False
22.5,92.5,May,5,-0.335,-0.0335,0.197699,-0.030238,-0.3024,0.0711,Decreasing,False
22.5,92.5,June,6,-0.2869,-0.028692,0.121634,-0.019444,-0.1944,0.101,Decreasing,False
22.5,92.5,July,7,0.0699,0.006992,0.578263,0.010833,0.1083,0.0136,Increasing,False
22.5,92.5,August,8,-0.1278,-0.012777,0.207969,-0.007321,-0.0732,0.068,Decreasing,False
22.5,92.5,September,9,0.2147,0.021469,0.055907,0.035833,0.3583,0.1499,Increasing,False
22.5,92.5,October,10,0.1794,0.017938,0.3112,0.021864,0.2186,0.0445,Increasing,False
22.5,92.5,November,11,0.0411,0.004108,0.810089,0.009643,0.0964,0.0026,Increasing,False
22.5,92.5,December,12,-0.124,-0.0124,0.604945,-0.011053,-0.1105,0.0118,Decreasing,False
23.0,89.375,January,1,-0.0327,-0.003269,0.911183,-0.005833,-0.0583,0.0006,Decreasing,False
23.0,89.375,February,2,-0.3944,-0.039438,0.319205,-0.026042,-0.2604,0.0431,Decreasing,False
23.0,89.375,March,3,-0.4225,-0.042246,0.172279,-0.048661,-0.4866,0.0794,Decreasing,False
23.0,89.375,April,4,-0.1927,-0.019269,0.621899,-0.034476,-0.3448,0.0107,Decreasing,False
23.0,89.375,May,5,-0.8108,-0.081077,0.00741,-0.090278,-0.9028,0.2727,Decreasing,True
23.0,89.375,June,6,-0.154,-0.0154,0.532103,-0.018424,-0.1842,0.0172,Decreasing,False
23.0,89.375,July,7,0.1679,0.016792,0.067826,0.015278,0.1528,0.1377,Increasing,False
23.0,89.375,August,8,0.0585,0.005846,0.448175,0.010955,0.1095,0.0252,Increasing,False
23.0,89.375,September,9,0.2905,0.029046,0.000145,0.03,0.3,0.4729,Increasing,True
23.0,89.375,October,10,0.414,0.0414,0.02338,0.039129,0.3913,0.2041,Increasing,True
23.0,89.375,November,11,0.0774,0.007738,0.747675,0.007639,0.0764,0.0046,Increasing,False
23.0,89.375,December,12,-0.1495,-0.014946,0.585751,-0.020662,-0.2066,0.0131,Decreasing,False
23.0,90.0,January,1,-0.034,-0.0034,0.907536,-0.002019,-0.0202,0.0006,Decreasing,False
23.0,90.0,February,2,-0.4302,-0.043023,0.258202,-0.039,-0.39,0.0552,Decreasing,False
23.0,90.0,March,3,-0.4407,-0.044069,0.147001,-0.042803,-0.428,0.0892,Decreasing,False
23.0,90.0,April,4,-0.2088,-0.020877,0.583785,-0.026095,-0.261,0.0132,Decreasing,False
23.0,90.0,May,5,-0.6657,-0.066569,0.015114,-0.071989,-0.7199,0.2306,Decreasing,True
23.0,90.0,June,6,-0.1255,-0.012546,0.549093,-0.011394,-0.1139,0.0158,Decreasing,False
23.0,90.0,July,7,0.175,0.0175,0.025741,0.016111,0.1611,0.1982,Increasing,True
23.0,90.0,August,8,0.0934,0.009338,0.202255,0.01,0.1,0.0697,Increasing,False
23.0,90.0,September,9,0.3288,0.032885,3e-05,0.035,0.35,0.5385,Increasing,True
23.0,90.0,October,10,0.4379,0.043792,0.010523,0.040979,0.4098,0.2522,Increasing,True
23.0,90.0,November,11,0.1565,0.015654,0.461759,0.014066,0.1407,0.0238,Increasing,False
23.0,90.0,December,12,-0.0765,-0.007654,0.773364,-0.01,-0.1,0.0037,Decreasing,False
23.0,91.25,January,1,0.2464,0.024638,0.293325,0.020385,0.2038,0.0479,Increasing,False
23.0,91.25,February,2,-0.3121,-0.031208,0.317503,-0.01822,-0.1822,0.0434,Decreasing,False
23.0,91.25,March,3,-0.4598,-0.045985,0.095635,-0.037179,-0.3718,0.1161,Decreasing,False
23.0,91.25,April,4,-0.3502,-0.035015,0.213636,-0.040357,-0.4036,0.0664,Decreasing,False
23.0,91.25,May,5,-0.2224,-0.022238,0.276647,-0.019348,-0.1935,0.0512,Decreasing,False
23.0,91.25,June,6,-0.0077,-0.000769,0.948815,0.00136,0.0136,0.0002,Decreasing,False
23.0,91.25,July,7,0.2134,0.021338,0.00151,0.018958,0.1896,0.3604,Increasing,True
23.0,91.25,August,8,0.1272,0.012723,0.123603,0.015724,0.1572,0.1,Increasing,False
23.0,91.25,September,9,0.3811,0.038108,2e-06,0.038496,0.385,0.6324,Increasing,True
23.0,91.25,October,10,0.4938,0.049377,0.002905,0.04475,0.4475,0.3254,Increasing,True
23.0,91.25,November,11,0.4024,0.040238,0.042915,0.038167,0.3817,0.1664,Increasing,True
23.0,91.25,December,12,0.3035,0.030346,0.186173,0.023454,0.2345,0.0747,Increasing,False
23.0,91.875,January,1,0.2152,0.021523,0.331297,0.028013,0.2801,0.0411,Increasing,False
23.0,91.875,February,2,-0.3599,-0.035992,0.239272,-0.022321,-0.2232,0.0597,Decreasing,False
23.0,91.875,March,3,-0.3645,-0.036454,0.140509,-0.033476,-0.3348,0.092,Decreasing,False
23.0,91.875,April,4,-0.2755,-0.027546,0.268568,-0.027099,-0.271,0.0529,Decreasing,False
23.0,91.875,May,5,-0.1445,-0.014446,0.454045,-0.008424,-0.0842,0.0246,Decreasing,False
23.0,91.875,June,6,0.0132,0.001315,0.918429,0.002619,0.0262,0.0005,Increasing,False
23.0,91.875,July,7,0.2468,0.024685,0.005696,0.024773,0.2477,0.2878,Increasing,True
23.0,91.875,August,8,0.0175,0.001746,0.852363,0.0,0.0,0.0015,Increasing,False
23.0,91.875,September,9,0.4139,0.041392,1.2e-05,0.04559,0.4559,0.5728,Increasing,True
23.0,91.875,October,10,0.5122,0.051215,0.004239,0.05614,0.5614,0.3045,Increasing,True
23.0,91.875,November,11,0.4948,0.049477,0.0157,0.050868,0.5087,0.2283,Increasing,True
23.0,91.875,December,12,0.3681,0.036808,0.10208,0.03,0.3,0.112,Increasing,False
23.5,89.375,January,1,0.0063,0.000631,0.98327,-0.002361,-0.0236,0.0,Increasing,False
23.5,89.375,February,2,-0.3594,-0.035938,0.329436,-0.033485,-0.3348,0.0414,Decreasing,False
23.5,89.375,March,3,-0.4473,-0.044731,0.125362,-0.057708,-0.5771,0.0991,Decreasing,False
23.5,89.375,April,4,-0.3162,-0.031615,0.420339,-0.024205,-0.2421,0.0284,Decreasing,False
23.5,89.375,May,5,-0.8974,-0.089738,0.005544,-0.098333,-0.9833,0.2894,Decreasing,True
23.5,89.375,June,6,-0.2348,-0.023477,0.375967,-0.022679,-0.2268,0.0342,Decreasing,False
23.5,89.375,July,7,0.1408,0.014077,0.131049,0.011607,0.1161,0.0963,Increasing,False
23.5,89.375,August,8,0.0258,0.002577,0.74138,0.005357,0.0536,0.0048,Increasing,False
23.5,89.375,September,9,0.2779,0.027792,0.000246,0.03068,0.3068,0.4493,Increasing,True
23.5,89.375,October,10,0.402,0.0402,0.030888,0.034773,0.3477,0.1869,Increasing,True
23.5,89.375,November,11,0.078,0.0078,0.746133,0.003357,0.0336,0.0046,Increasing,False
23.5,89.375,December,12,-0.1556,-0.015562,0.581543,-0.014722,-0.1472,0.0134,Decreasing,False
23.5,90.0,January,1,0.0086,0.000862,0.976568,0.003929,0.0393,0.0,Increasing,False
23.5,90.0,February,2,-0.3354,-0.033538,0.342508,-0.038712,-0.3871,0.0392,Decreasing,False
23.5,90.0,March,3,-0.3911,-0.039108,0.15694,-0.045119,-0.4512,0.0852,Decreasing,False
23.5,90.0,April,4,-0.2568,-0.025685,0.481367,-0.021313,-0.2131,0.0218,Decreasing,False
23.5,90.0,May,5,-0.6442,-0.064415,0.016345,-0.066214,-0.6621,0.2259,Decreasing,True
23.5,90.0,June,6,-0.1397,-0.013969,0.505515,-0.009545,-0.0955,0.0195,Decreasing,False
23.5,90.0,July,7,0.1662,0.016615,0.038771,0.01303,0.1303,0.1728,Increasing,True
23.5,90.0,August,8,0.0798,0.007977,0.28039,0.01,0.1,0.0505,Increasing,False
23.5,90.0,September,9,0.32,0.032,4.1e-05,0.038542,0.3854,0.5256,Increasing,True
23.5,90.0,October,10,0.4331,0.043308,0.009104,0.037862,0.3786,0.2607,Increasing,True
23.5,90.0,November,11,0.1155,0.011546,0.581106,0.010294,0.1029,0.0134,Increasing,False
23.5,90.0,December,12,-0.1002,-0.010023,0.701103,-0.016092,-0.1609,0.0065,Decreasing,False
23.5,90.625,January,1,0.0347,0.003469,0.9034,0.007842,0.0784,0.0007,Increasing,False
23.5,90.625,February,2,-0.3642,-0.036423,0.285484,-0.03175,-0.3175,0.0494,Decreasing,False
23.5,90.625,March,3,-0.311,-0.0311,0.24497,-0.028899,-0.289,0.0583,Decreasing,False
23.5,90.625,April,4,-0.1757,-0.017569,0.587038,-0.008235,-0.0824,0.013,Decreasing,False
23.5,90.625,May,5,-0.3172,-0.031723,0.155908,-0.029706,-0.2971,0.0856,Decreasing,False
23.5,90.625,June,6,-0.0129,-0.001292,0.92624,0.0,0.0,0.0004,Decreasing,False
23.5,90.625,July,7,0.1964,0.019638,0.005354,0.017639,0.1764,0.2913,Increasing,True
23.5,90.625,August,8,0.1062,0.010623,0.149561,0.013431,0.1343,0.0881,Increasing,False
23.5,90.625,September,9,0.3549,0.035492,9e-06,0.040922,0.4092,0.5811,Increasing,True
23.5,90.625,October,10,0.4691,0.046908,0.004065,0.047556,0.4756,0.3069,Increasing,True
23.5,90.625,November,11,0.2042,0.020415,0.294475,0.018377,0.1838,0.0477,Increasing,False
23.5,90.625,December,12,0.0035,0.000354,0.988484,0.002303,0.023,0.0,Increasing,False
24.0,88.75,January,1,0.1162,0.011615,0.71048,0.014667,0.1467,0.0061,Increasing,False
24.0,88.75,February,2,-0.2995,-0.029954,0.408495,-0.023786,-0.2379,0.0299,Decreasing,False
24.0,88.75,March,3,-0.2831,-0.028308,0.305979,-0.0375,-0.375,0.0455,Decreasing,False
24.0,88.75,April,4,-0.2272,-0.022715,0.546668,-0.007333,-0.0733,0.016,Decreasing,False
24.0,88.75,May,5,-0.8641,-0.086408,0.010199,-0.0915,-0.915,0.254,Decreasing,True
24.0,88.75,June,6,-0.0974,-0.009738,0.765716,-0.005152,-0.0515,0.0039,Decreasing,False
24.0,88.75,July,7,0.2333,0.023331,0.043387,0.019,0.19,0.1658,Increasing,True
24.0,88.75,August,8,0.0366,0.003662,0.67076,0.003842,0.0384,0.008,Increasing,False
24.0,88.75,September,9,0.2868,0.028685,0.000574,0.02925,0.2925,0.4092,Increasing,True
24.0,88.75,October,10,0.4162,0.041623,0.042381,0.037798,0.378,0.1672,Increasing,True
24.0,88.75,November,11,0.0979,0.009792,0.72618,0.008167,0.0817,0.0054,Increasing,False
24.0,88.75,December,12,-0.0735,-0.007346,0.807169,-0.004915,-0.0491,0.0026,Decreasing,False
24.0,89.375,January,1,0.0739,0.007392,0.810724,0.01375,0.1375,0.0025,Increasing,False
24.0,89.375,February,2,-0.3558,-0.035577,0.306627,-0.03575,-0.3575,0.0454,Decreasing,False
24.0,89.375,March,3,-0.3479,-0.034792,0.203054,-0.041088,-0.4109,0.0695,Decreasing,False
24.0,89.375,April,4,-0.3104,-0.031038,0.421511,-0.005595,-0.056,0.0283,Decreasing,False
24.0,89.375,May,5,-0.8925,-0.089246,0.005392,-0.099167,-0.9917,0.291,Decreasing,True
24.0,89.375,June,6,-0.2455,-0.024546,0.369262,-0.019643,-0.1964,0.0352,Decreasing,False
24.0,89.375,July,7,0.1447,0.014469,0.115277,0.012679,0.1268,0.1043,Increasing,False
24.0,89.375,August,8,0.0133,0.001331,0.864497,0.000607,0.0061,0.0013,Increasing,False
24.0,89.375,September,9,0.3078,0.030777,0.000153,0.03077,0.3077,0.4707,Increasing,True
24.0,89.375,October,10,0.4056,0.040562,0.039666,0.032241,0.3224,0.1714,Increasing,True
24.0,89.375,November,11,0.1631,0.016308,0.50814,0.015895,0.1589,0.0193,Increasing,False
24.0,89.375,December,12,-0.0443,-0.004431,0.877263,0.001742,0.0174,0.0011,Decreasing,False
24.0,90.0,January,1,0.1448,0.014485,0.628531,0.018831,0.1883,0.0103,Increasing,False
24.0,90.0,February,2,-0.3137,-0.031369,0.35298,-0.028194,-0.2819,0.0376,Decreasing,False
24.0,90.0,March,3,-0.335,-0.0335,0.215648,-0.039524,-0.3952,0.0658,Decreasing,False
24.0,90.0,April,4,-0.2551,-0.025508,0.476884,-0.006188,-0.0619,0.0222,Decreasing,False
24.0,90.0,May,5,-0.6355,-0.063546,0.015325,-0.067188,-0.6719,0.2298,Decreasing,True
24.0,90.0,June,6,-0.1383,-0.013831,0.49377,-0.007083,-0.0708,0.0206,Decreasing,False
24.0,90.0,July,7,0.1514,0.015138,0.059902,0.011088,0.1109,0.1455,Increasing,False
24.0,90.0,August,8,0.0542,0.005415,0.478264,0.007057,0.0706,0.0221,Increasing,False
24.0,90.0,September,9,0.3402,0.034023,4.8e-05,0.035632,0.3563,0.5193,Increasing,True
24.0,90.0,October,10,0.4355,0.043554,0.013411,0.038944,0.3894,0.2378,Increasing,True
24.0,90.0,November,11,0.1984,0.019838,0.36376,0.02425,0.2425,0.036,Increasing,False
24.0,90.0,December,12,0.0441,0.004408,0.870364,0.003125,0.0312,0.0012,Increasing,False
24.0,90.625,January,1,0.0975,0.009754,0.744599,0.013095,0.131,0.0047,Increasing,False
24.0,90.625,February,2,-0.3045,-0.030454,0.360241,-0.024273,-0.2427,0.0365,Decreasing,False
24.0,90.625,March,3,-0.2362,-0.023615,0.367714,-0.029242,-0.2924,0.0354,Decreasing,False
24.0,90.625,April,4,-0.1544,-0.015438,0.634445,-0.001087,-0.0109,0.01,Decreasing,False
24.0,90.625,May,5,-0.3514,-0.035138,0.128834,-0.032857,-0.3286,0.0974,Decreasing,False
24.0,90.625,June,6,-0.0243,-0.002431,0.858577,0.0,0.0,0.0014,Decreasing,False
24.0,90.625,July,7,0.1671,0.016708,0.021043,0.015,0.15,0.2106,Increasing,True
24.0,90.625,August,8,0.0747,0.007469,0.329625,0.01,0.1,0.0413,Increasing,False
24.0,90.625,September,9,0.3603,0.036031,2.1e-05,0.038452,0.3845,0.5519,Increasing,True
24.0,90.625,October,10,0.4523,0.045231,0.006243,0.042917,0.4292,0.2826,Increasing,True
24.0,90.625,November,11,0.1945,0.019446,0.335421,0.01567,0.1567,0.0404,Increasing,False
24.0,90.625,December,12,0.0163,0.001631,0.950399,0.0045,0.045,0.0002,Increasing,False
24.0,91.25,January,1,0.0553,0.005531,0.840656,0.005942,0.0594,0.0018,Increasing,False
24.0,91.25,February,2,-0.3415,-0.034154,0.295539,-0.025756,-0.2576,0.0475,Decreasing,False
24.0,91.25,March,3,-0.2085,-0.020854,0.426025,-0.018952,-0.1895,0.0278,Decreasing,False
24.0,91.25,April,4,-0.1297,-0.012969,0.682713,-0.001429,-0.0143,0.0074,Decreasing,False
24.0,91.25,May,5,-0.1158,-0.011585,0.595887,-0.013095,-0.131,0.0124,Decreasing,False
24.0,91.25,June,6,0.0502,0.005015,0.64153,0.0,0.0,0.0096,Increasing,False
24.0,91.25,July,7,0.1938,0.019377,0.008443,0.02,0.2,0.2651,Increasing,True
24.0,91.25,August,8,0.0503,0.005031,0.541878,0.004444,0.0444,0.0164,Increasing,False
24.0,91.25,September,9,0.3561,0.035608,3.7e-05,0.036077,0.3608,0.5303,Increasing,True
24.0,91.25,October,10,0.4667,0.046669,0.004375,0.049377,0.4938,0.3028,Increasing,True
24.0,91.25,November,11,0.3122,0.031215,0.081628,0.032788,0.3279,0.126,Increasing,False
24.0,91.25,December,12,0.1199,0.011992,0.621296,0.018879,0.1888,0.0108,Increasing,False
24.5,88.75,January,1,0.1662,0.016615,0.597646,0.02182,0.2182,0.0123,Increasing,False
24.5,88.75,February,2,-0.3141,-0.031408,0.375659,-0.019286,-0.1929,0.0343,Decreasing,False
24.5,88.75,March,3,-0.236,-0.0236,0.398807,-0.026039,-0.2604,0.0311,Decreasing,False
24.5,88.75,April,4,-0.2378,-0.023785,0.514222,-0.012842,-0.1284,0.0187,Decreasing,False
24.5,88.75,May,5,-0.8448,-0.084477,0.013575,-0.078424,-0.7842,0.2371,Decreasing,True
24.5,88.75,June,6,-0.1552,-0.015515,0.646375,-0.012667,-0.1267,0.0093,Decreasing,False
24.5,88.75,July,7,0.193,0.0193,0.100182,0.018175,0.1817,0.1131,Increasing,False
24.5,88.75,August,8,0.0027,0.000269,0.975212,0.001043,0.0104,0.0,Increasing,False
24.5,88.75,September,9,0.3032,0.030315,0.00067,0.028063,0.2806,0.4017,Increasing,True
24.5,88.75,October,10,0.4221,0.042208,0.042783,0.037585,0.3758,0.1666,Increasing,True
24.5,88.75,November,11,0.1493,0.014931,0.589255,0.012176,0.1218,0.0129,Increasing,False
24.5,88.75,December,12,-0.0048,-0.000485,0.987089,0.00619,0.0619,0.0,Decreasing,False
24.5,89.375,January,1,0.1708,0.017077,0.578896,0.026278,0.2628,0.0136,Increasing,False
24.5,89.375,February,2,-0.3262,-0.032623,0.33921,-0.031607,-0.3161,0.0398,Decreasing,False
24.5,89.375,March,3,-0.2648,-0.026477,0.324519,-0.027059,-0.2706,0.0422,Decreasing,False
24.5,89.375,April,4,-0.2799,-0.027992,0.456436,0.00125,0.0125,0.0243,Decreasing,False
24.5,89.375,May,5,-0.8294,-0.082938,0.007263,-0.076937,-0.7694,0.2739,Decreasing,True
24.5,89.375,June,6,-0.2129,-0.021292,0.429439,-0.009127,-0.0913,0.0274,Decreasing,False
24.5,89.375,July,7,0.1283,0.012831,0.166159,0.01025,0.1025,0.0817,Increasing,False
24.5,89.375,August,8,-0.0059,-0.000592,0.942848,0.001904,0.019,0.0002,Decreasing,False
24.5,89.375,September,9,0.3349,0.033492,0.000301,0.03251,0.3251,0.4401,Increasing,True
24.5,89.375,October,10,0.436,0.0436,0.036394,0.037136,0.3714,0.1767,Increasing,True
24.5,89.375,November,11,0.2585,0.025846,0.326057,0.027417,0.2742,0.0419,Increasing,False
24.5,89.375,December,12,0.1021,0.010208,0.72915,0.015727,0.1573,0.0053,Increasing,False
24.5,90.0,January,1,0.2226,0.022262,0.463758,0.029115,0.2912,0.0236,Increasing,False
24.5,90.0,February,2,-0.2895,-0.028954,0.380386,-0.023934,-0.2393,0.0336,Decreasing,False
24.5,90.0,March,3,-0.2118,-0.021185,0.414646,-0.028333,-0.2833,0.0291,Decreasing,False
24.5,90.0,April,4,-0.2647,-0.026469,0.45141,-0.002679,-0.0268,0.0249,Decreasing,False
24.5,90.0,May,5,-0.6605,-0.066054,0.011124,-0.05875,-0.5875,0.2489,Decreasing,True
24.5,90.0,June,6,-0.1067,-0.010669,0.583012,-0.000938,-0.0094,0.0133,Decreasing,False
24.5,90.0,July,7,0.1428,0.014277,0.073815,0.01,0.1,0.1324,Increasing,False
24.5,90.0,August,8,0.0328,0.003277,0.694333,0.003613,0.0361,0.0068,Increasing,False
24.5,90.0,September,9,0.3762,0.037615,6.7e-05,0.03799,0.3799,0.5059,Increasing,True
24.5,90.0,October,10,0.4477,0.044769,0.016111,0.037071,0.3707,0.2268,Increasing,True
24.5,90.0,November,11,0.2862,0.028615,0.21575,0.028377,0.2838,0.0658,Increasing,False
24.5,90.0,December,12,0.1631,0.016308,0.5573,0.015326,0.1533,0.0152,Increasing,False
24.5,90.625,January,1,0.1621,0.016208,0.585273,0.026167,0.2617,0.0131,Increasing,False
24.5,90.625,February,2,-0.2692,-0.026923,0.390218,-0.016242,-0.1624,0.0323,Decreasing,False
24.5,90.625,March,3,-0.1629,-0.016292,0.52712,-0.025059,-0.2506,0.0176,Decreasing,False
24.5,90.625,April,4,-0.2022,-0.020223,0.519116,-0.006291,-0.0629,0.0183,Decreasing,False
24.5,90.625,May,5,-0.4265,-0.042646,0.05592,-0.039286,-0.3929,0.1498,Decreasing,False
24.5,90.625,June,6,0.0012,0.000115,0.992709,0.0045,0.045,0.0,Increasing,False
24.5,90.625,July,7,0.1666,0.016662,0.019221,0.014083,0.1408,0.2161,Increasing,True
24.5,90.625,August,8,0.0519,0.005192,0.529922,0.006458,0.0646,0.0174,Increasing,False
24.5,90.625,September,9,0.4025,0.040246,1.4e-05,0.038889,0.3889,0.5663,Increasing,True
24.5,90.625,October,10,0.4355,0.043554,0.008232,0.04,0.4,0.2666,Increasing,True
24.5,90.625,November,11,0.2475,0.024754,0.206273,0.02243,0.2243,0.0685,Increasing,False
24.5,90.625,December,12,0.1096,0.010962,0.665336,0.015417,0.1542,0.0083,Increasing,False
24.5,91.25,January,1,0.1446,0.014462,0.600269,0.02,0.2,0.0121,Increasing,False
24.5,91.25,February,2,-0.2844,-0.028438,0.361383,-0.022479,-0.2248,0.0363,Decreasing,False
24.5,91.25,March,3,-0.1398,-0.013977,0.592496,-0.014438,-0.1444,0.0126,Decreasing,False
24.5,91.25,April,4,-0.2301,-0.023008,0.44404,-0.014433,-0.1443,0.0257,Decreasing,False
24.5,91.25,May,5,-0.2327,-0.023269,0.224975,-0.015833,-0.1583,0.0633,Decreasing,False
24.5,91.25,June,6,0.0553,0.005531,0.576418,0.00875,0.0875,0.0138,Increasing,False
24.5,91.25,July,7,0.1909,0.019092,0.012876,0.019115,0.1912,0.2402,Increasing,True
24.5,91.25,August,8,0.0117,0.001169,0.896053,0.002404,0.024,0.0008,Increasing,False
24.5,91.25,September,9,0.3992,0.039923,4.4e-05,0.037333,0.3733,0.5235,Increasing,True
24.5,91.25,October,10,0.4269,0.042692,0.006186,0.044286,0.4429,0.2831,Increasing,True
24.5,91.25,November,11,0.3013,0.030131,0.06581,0.028493,0.2849,0.1396,Increasing,False
24.5,91.25,December,12,0.1635,0.016354,0.460371,0.024921,0.2492,0.0239,Increasing,False
24.5,91.875,January,1,0.2437,0.024369,0.337894,0.03,0.3,0.04,Increasing,False
24.5,91.875,February,2,-0.2096,-0.020962,0.49024,-0.013917,-0.1392,0.0209,Decreasing,False
24.5,91.875,March,3,-0.0685,-0.006846,0.796887,-0.008667,-0.0867,0.0029,Decreasing,False
24.5,91.875,April,4,-0.1371,-0.013708,0.625027,-0.002188,-0.0219,0.0106,Decreasing,False
24.5,91.875,May,5,-0.1103,-0.011031,0.511066,-0.007846,-0.0785,0.019,Decreasing,False
24.5,91.875,June,6,0.0545,0.005446,0.597482,0.007,0.07,0.0123,Increasing,False
24.5,91.875,July,7,0.2079,0.020792,0.020701,0.023205,0.2321,0.2116,Increasing,True
24.5,91.875,August,8,-0.0258,-0.002577,0.784193,-0.00398,-0.0398,0.0033,Decreasing,False
24.5,91.875,September,9,0.4214,0.042138,5.7e-05,0.040627,0.4063,0.513,Increasing,True
24.5,91.875,October,10,0.4573,0.045731,0.003799,0.042614,0.4261,0.3106,Increasing,True
24.5,91.875,November,11,0.4485,0.044846,0.010677,0.042024,0.4202,0.2513,Increasing,True
24.5,91.875,December,12,0.3637,0.036369,0.089793,0.04,0.4,0.12,Increasing,False
25.0,88.75,January,1,0.2165,0.021654,0.479487,0.028095,0.281,0.022,Increasing,False
25.0,88.75,February,2,-0.3002,-0.030015,0.389997,-0.020347,-0.2035,0.0323,Decreasing,False
25.0,88.75,March,3,-0.205,-0.0205,0.483278,-0.015306,-0.1531,0.0216,Decreasing,False
25.0,88.75,April,4,-0.2625,-0.026254,0.46304,-0.014881,-0.1488,0.0236,Decreasing,False
25.0,88.75,May,5,-0.765,-0.0765,0.023273,-0.06725,-0.6725,0.2044,Decreasing,True
25.0,88.75,June,6,-0.2072,-0.020715,0.512437,-0.01525,-0.1525,0.0189,Decreasing,False
25.0,88.75,July,7,0.1207,0.012069,0.265887,0.00873,0.0873,0.0535,Increasing,False
25.0,88.75,August,8,-0.0055,-0.000554,0.946728,0.0,0.0,0.0002,Decreasing,False
25.0,88.75,September,9,0.3388,0.033877,0.000283,0.031909,0.3191,0.4428,Increasing,True
25.0,88.75,October,10,0.4337,0.043369,0.041055,0.036905,0.369,0.1692,Increasing,True
25.0,88.75,November,11,0.2079,0.020792,0.436324,0.02175,0.2175,0.0266,Increasing,False
25.0,88.75,December,12,0.0632,0.006315,0.829719,0.017171,0.1717,0.0021,Increasing,False
25.0,89.375,January,1,0.2397,0.023969,0.429566,0.033929,0.3393,0.0273,Increasing,False
25.0,89.375,February,2,-0.3012,-0.030123,0.366259,-0.026548,-0.2655,0.0356,Decreasing,False
25.0,89.375,March,3,-0.1995,-0.019946,0.455728,-0.021125,-0.2113,0.0244,Decreasing,False
25.0,89.375,April,4,-0.2853,-0.028531,0.420013,-0.021905,-0.219,0.0285,Decreasing,False
25.0,89.375,May,5,-0.7374,-0.073738,0.013694,-0.068819,-0.6882,0.2365,Decreasing,True
25.0,89.375,June,6,-0.1402,-0.014015,0.554284,-0.004028,-0.0403,0.0154,Decreasing,False
25.0,89.375,July,7,0.1178,0.011785,0.178397,0.007961,0.0796,0.0773,Increasing,False
25.0,89.375,August,8,0.0102,0.001023,0.903277,0.000955,0.0095,0.0007,Increasing,False
25.0,89.375,September,9,0.3632,0.036315,0.000311,0.03532,0.3532,0.4385,Increasing,True
25.0,89.375,October,10,0.4403,0.044031,0.035141,0.038167,0.3817,0.1789,Increasing,True
25.0,89.375,November,11,0.3437,0.034369,0.192331,0.03697,0.3697,0.0727,Increasing,False
25.0,89.375,December,12,0.1946,0.019462,0.513899,0.024273,0.2427,0.0188,Increasing,False
25.0,90.0,January,1,0.2848,0.028477,0.332302,0.04101,0.4101,0.0409,Increasing,False
25.0,90.0,February,2,-0.2574,-0.025738,0.416896,-0.019232,-0.1923,0.0289,Decreasing,False
25.0,90.0,March,3,-0.1365,-0.013654,0.58118,-0.021961,-0.2196,0.0134,Decreasing,False
25.0,90.0,April,4,-0.262,-0.0262,0.415788,-0.012929,-0.1293,0.029,Decreasing,False
25.0,90.0,May,5,-0.6423,-0.064231,0.012881,-0.059375,-0.5938,0.2402,Decreasing,True
25.0,90.0,June,6,-0.0443,-0.004431,0.803519,0.003167,0.0317,0.0027,Decreasing,False
25.0,90.0,July,7,0.1472,0.014715,0.051998,0.00975,0.0975,0.1544,Increasing,False
25.0,90.0,August,8,0.0374,0.003738,0.663826,0.001946,0.0195,0.0084,Increasing,False
25.0,90.0,September,9,0.391,0.0391,0.000149,0.0395,0.395,0.4719,Increasing,True
25.0,90.0,October,10,0.4157,0.041569,0.022805,0.038761,0.3876,0.2056,Increasing,True
25.0,90.0,November,11,0.3545,0.035446,0.128022,0.033535,0.3354,0.0978,Increasing,False
25.0,90.0,December,12,0.2459,0.024592,0.36761,0.026056,0.2606,0.0354,Increasing,False
25.0,90.625,January,1,0.2081,0.020808,0.445753,0.030769,0.3077,0.0255,Increasing,False
25.0,90.625,February,2,-0.2828,-0.028285,0.353419,-0.01645,-0.1645,0.0375,Decreasing,False
25.0,90.625,March,3,-0.1556,-0.015562,0.529808,-0.025098,-0.251,0.0174,Decreasing,False
25.0,90.625,April,4,-0.2187,-0.021869,0.449333,-0.007889,-0.0789,0.0251,Decreasing,False
25.0,90.625,May,5,-0.3835,-0.038354,0.059395,-0.0325,-0.325,0.146,Decreasing,False
25.0,90.625,June,6,0.0687,0.006869,0.574104,0.010982,0.1098,0.0139,Increasing,False
25.0,90.625,July,7,0.1781,0.017808,0.010179,0.014356,0.1436,0.2542,Increasing,True
25.0,90.625,August,8,0.0358,0.003585,0.681101,0.003137,0.0314,0.0075,Increasing,False
25.0,90.625,September,9,0.395,0.0395,0.000126,0.037775,0.3777,0.4792,Increasing,True
25.0,90.625,October,10,0.3697,0.036969,0.017915,0.035357,0.3536,0.2204,Increasing,True
25.0,90.625,November,11,0.308,0.0308,0.101092,0.03,0.3,0.1126,Increasing,False
25.0,90.625,December,12,0.1666,0.016662,0.46753,0.02,0.2,0.0232,Increasing,False
25.0,91.25,January,1,0.2147,0.021469,0.333488,0.023722,0.2372,0.0407,Increasing,False
25.0,91.25,February,2,-0.3262,-0.032623,0.270391,-0.024,-0.24,0.0525,Decreasing,False
25.0,91.25,March,3,-0.2347,-0.023469,0.371291,-0.027083,-0.2708,0.0349,Decreasing,False
25.0,91.25,April,4,-0.173,-0.0173,0.510575,-0.008606,-0.0861,0.0191,Decreasing,False
25.0,91.25,May,5,-0.1478,-0.014777,0.27642,-0.012429,-0.1243,0.0513,Decreasing,False
25.0,91.25,June,6,0.0782,0.007815,0.469909,0.014394,0.1439,0.0229,Increasing,False
25.0,91.25,July,7,0.1886,0.018862,0.016304,0.017071,0.1707,0.2261,Increasing,True
25.0,91.25,August,8,-0.0246,-0.002462,0.803936,-0.002404,-0.024,0.0027,Decreasing,False
25.0,91.25,September,9,0.3794,0.037938,0.000984,0.033168,0.3317,0.3824,Increasing,True
25.0,91.25,October,10,0.3022,0.030223,0.042222,0.029273,0.2927,0.1675,Increasing,True
25.0,91.25,November,11,0.3121,0.031208,0.054487,0.033854,0.3385,0.1515,Increasing,False
25.0,91.25,December,12,0.1813,0.018131,0.347144,0.021623,0.2162,0.0385,Increasing,False
25.0,91.875,January,1,0.2338,0.023385,0.26954,0.028258,0.2826,0.0527,Increasing,False
25.0,91.875,February,2,-0.1779,-0.017792,0.503253,-0.012463,-0.1246,0.0197,Decreasing,False
25.0,91.875,March,3,-0.1292,-0.012915,0.596591,-0.022817,-0.2282,0.0124,Decreasing,False
25.0,91.875,April,4,-0.0873,-0.008731,0.686689,-0.004808,-0.0481,0.0072,Decreasing,False
25.0,91.875,May,5,-0.1233,-0.012331,0.306232,-0.012024,-0.1202,0.0454,Decreasing,False
25.0,91.875,June,6,0.0412,0.004115,0.707555,0.011269,0.1127,0.0062,Increasing,False
25.0,91.875,July,7,0.188,0.0188,0.052131,0.019706,0.1971,0.1543,Increasing,False
25.0,91.875,August,8,-0.0781,-0.007808,0.481457,-0.009271,-0.0927,0.0218,Decreasing,False
25.0,91.875,September,9,0.3692,0.036923,0.002915,0.033822,0.3382,0.3252,Increasing,True
25.0,91.875,October,10,0.3112,0.031123,0.038927,0.0265,0.265,0.1725,Increasing,True
25.0,91.875,November,11,0.3068,0.030677,0.062734,0.031962,0.3196,0.1426,Increasing,False
25.0,91.875,December,12,0.1848,0.018477,0.341089,0.014134,0.1413,0.0395,Increasing,False
25.5,89.375,January,1,0.3349,0.033492,0.24896,0.038194,0.3819,0.0573,Increasing,False
25.5,89.375,February,2,-0.2098,-0.020985,0.523804,-0.014773,-0.1477,0.0179,Decreasing,False
25.5,89.375,March,3,-0.1129,-0.011292,0.671793,-0.011438,-0.1144,0.0079,Decreasing,False
25.5,89.375,April,4,-0.3285,-0.032846,0.314715,-0.0345,-0.345,0.0439,Decreasing,False
25.5,89.375,May,5,-0.7257,-0.072569,0.01538,-0.060587,-0.6059,0.2296,Decreasing,True
25.5,89.375,June,6,-0.1297,-0.012969,0.527368,-0.011292,-0.1129,0.0176,Decreasing,False
25.5,89.375,July,7,0.0855,0.008546,0.343494,0.008211,0.0821,0.0391,Increasing,False
25.5,89.375,August,8,-0.0005,-4.6e-05,0.995613,-0.000794,-0.0079,0.0,Decreasing,False
25.5,89.375,September,9,0.366,0.0366,0.000525,0.037917,0.3792,0.4136,Increasing,True
25.5,89.375,October,10,0.488,0.0488,0.017327,0.041678,0.4168,0.2224,Increasing,True
25.5,89.375,November,11,0.3642,0.036415,0.158828,0.037424,0.3742,0.0844,Increasing,False
25.5,89.375,December,12,0.2686,0.026862,0.355438,0.027333,0.2733,0.0372,Increasing,False
26.0,88.75,January,1,0.3188,0.031877,0.243668,0.039333,0.3933,0.0586,Increasing,False
26.0,88.75,February,2,-0.2438,-0.024385,0.470987,-0.023083,-0.2308,0.0228,Decreasing,False
26.0,88.75,March,3,-0.1189,-0.011892,0.685333,-0.016905,-0.169,0.0073,Decreasing,False
26.0,88.75,April,4,-0.498,-0.0498,0.141676,-0.054018,-0.5402,0.0915,Decreasing,False
26.0,88.75,May,5,-0.9185,-0.091846,0.005662,-0.082548,-0.8255,0.2882,Decreasing,True
26.0,88.75,June,6,-0.3959,-0.039592,0.104498,-0.03522,-0.3522,0.1105,Decreasing,False
26.0,88.75,July,7,0.0125,0.001254,0.907023,0.003538,0.0354,0.0006,Increasing,False
26.0,88.75,August,8,0.0192,0.001923,0.816842,0.003722,0.0372,0.0024,Increasing,False
26.0,88.75,September,9,0.4004,0.040038,0.000122,0.045132,0.4513,0.4807,Increasing,True
26.0,88.75,October,10,0.4329,0.043292,0.027984,0.04,0.4,0.193,Increasing,True
26.0,88.75,November,11,0.2489,0.024892,0.29008,0.026548,0.2655,0.0485,Increasing,False
26.0,88.75,December,12,0.1318,0.013177,0.628368,0.008785,0.0878,0.0104,Increasing,False
